{
    "moduleConfig": {
        "mathematics": {
            "dependencies": ["sympy", "numpy", "scipy"],
            "class": "MathematicsEngine",
            "methods": {
                "symbolic": {
                    "path": "/symbolic",
                    "operations": ["solve", "integrate", "differentiate"]
                },
                "numerical": {
                    "path": "/numerical",
                    "operations": ["interpolate", "optimize", "integrate"]
                }
            }
        },
        "physics": {
            "dependencies": ["sympy", "numpy"],
            "class": "PhysicsEngine",
            "methods": {
                "mechanics": {
                    "path": "/mechanics",
                    "operations": ["forces", "motion", "energy"]
                },
                "quantum": {
                    "path": "/quantum",
                    "operations": ["wavefunctions", "operators"]
                }
            }
        },
        "invention": {
            "dependencies": ["tensorflow", "scikit-learn"],
            "class": "InventionEngine",
            "methods": {
                "generate": {
                    "path": "/generate",
                    "operations": ["analyze", "synthesize", "optimize"]
                },
                "patent": {
                    "path": "/patent",
                    "operations": ["search", "analyze"]
                }
            }
        },
        "voice": {
            "dependencies": ["tensorflow", "tacotron2", "hifi-gan"],
            "class": "VoiceEngine",
            "methods": {
                "synthesize": {
                    "path": "/synthesize",
                    "model": "tacotron2",
                    "vocoder": "hifi-gan"
                },
                "recognize": {
                    "path": "/recognize",
                    "model": "whisper"
                }
            }
        },
        "selfImprovement": {
            "dependencies": ["tensorflow", "transformers"],
            "class": "SelfImprovementEngine",
            "methods": {
                "learn": {
                    "path": "/learn",
                    "operations": ["analyze", "improve", "generate"]
                },
                "optimize": {
                    "path": "/optimize",
                    "operations": ["code", "performance"]
                }
            }
        }
    },
    "serverConfig": {
        "runtime": "python3.9",
        "scaling": {
            "minInstances": 1,
            "maxInstances": 10,
            "targetCPUUtilization": 0.7
        },
        "memory": {
            "min": "1Gi",
            "max": "4Gi"
        },
        "timeout": 300,
        "vpc": "${RILEY_VPC_ID}",
        "securityGroups": ["${RILEY_SG_ID}"],
        "environment": {
            "PYTHONPATH": "/opt/app",
            "TF_ENABLE_AUTO_MIXED_PRECISION": "1"
        }
    }
}
