{
    "features": {
        "mathematics": {
            "enabled": true,
            "endpoint": "/api/mathematics",
            "engine": "MathematicsEngine",
            "supportedOperations": ["symbolic", "numerical", "statistical", "visualization"]
        },
        "physics": {
            "enabled": true,
            "endpoint": "/api/physics",
            "engine": "PhysicsEngine",
            "constants": {
                "GRAVITATIONAL_CONSTANT": 6.67430e-11,
                "SPEED_OF_LIGHT": 299792458,
                "PLANCK_CONSTANT": 6.62607015e-34
            }
        },
        "science": {
            "enabled": true,
            "endpoint": "/api/science",
            "engine": "ScienceEngine",
            "modules": ["genomics", "chemistry", "environmental"]
        },
        "invention": {
            "enabled": true,
            "endpoint": "/api/invention",
            "engine": "InventionEngine",
            "capabilities": ["problemSolving", "patentAnalysis", "reverseEngineering"]
        },
        "self_improvement": {
            "enabled": true,
            "endpoint": "/api/self-improvement",
            "engine": "SelfImprovementEngine",
            "learningModes": ["autonomous", "supervised"]
        },
        "voice": {
            "enabled": true,
            "endpoint": "/api/voice",
            "synthesis": {
                "engine": "tacotron2",
                "vocoder": "hifi-gan",
                "quality": "high"
            }
        }
    }
}
