{
    "riley": {
        "connection": {
            "url": "${RILEY_API_URL}",
            "version": "1.0.0",
            "auth": {
                "type": "oauth2",
                "clientId": "${RILEY_CLIENT_ID}",
                "clientSecret": "${RILEY_CLIENT_SECRET}",
                "scope": "full_access"
            }
        },
        "features": {
            "mathematics": {
                "enginePath": "/riley/mathematics",
                "syncMode": "realtime"
            },
            "physics": {
                "enginePath": "/riley/physics",
                "syncMode": "realtime"
            },
            "invention": {
                "enginePath": "/riley/invention",
                "syncMode": "async"
            },
            "voice": {
                "enginePath": "/riley/voice",
                "models": {
                    "synthesis": "tacotron2",
                    "recognition": "whisper"
                }
            },
            "brainSwitch": {
                "enginePath": "/riley/brain",
                "modes": ["scientific", "creative", "analytical"]
            }
        },
        "sync": {
            "interval": 5000,
            "retryAttempts": 3,
            "timeout": 30000
        }
    }
}
